unit,time,y,treated
c1,2024-08-26,97.0,0
c2,2024-08-26,100.0,0
c3,2024-08-26,102.5,0
t1,2024-08-26,98.0,1
t2,2024-08-26,101.0,1
t3,2024-08-26,103.0,1
c1,2024-09-02,99.4,0
c2,2024-09-02,102.4,0
c3,2024-09-02,104.9,0
t1,2024-09-02,100.4,1
t2,2024-09-02,103.4,1
t3,2024-09-02,105.4,1
c1,2024-09-09,98.0,0
c2,2024-09-09,101.0,0
c3,2024-09-09,103.5,0
t1,2024-09-09,99.0,1
t2,2024-09-09,102.0,1
t3,2024-09-09,104.0,1
c1,2024-09-16,101.9,0
c2,2024-09-16,104.9,0
c3,2024-09-16,107.4,0
t1,2024-09-16,102.9,1
t2,2024-09-16,105.9,1
t3,2024-09-16,107.9,1
c1,2024-09-23,99.2,0
c2,2024-09-23,102.2,0
c3,2024-09-23,104.7,0
t1,2024-09-23,100.2,1
t2,2024-09-23,103.2,1
t3,2024-09-23,105.2,1
c1,2024-09-30,102.2,0
c2,2024-09-30,105.2,0
c3,2024-09-30,107.7,0
t1,2024-09-30,103.2,1
t2,2024-09-30,106.2,1
t3,2024-09-30,108.2,1
c1,2024-10-07,103.5,0
c2,2024-10-07,106.5,0
c3,2024-10-07,109.0,0
t1,2024-10-07,104.5,1
t2,2024-10-07,107.5,1
t3,2024-10-07,109.5,1
c1,2024-10-14,102.8,0
c2,2024-10-14,105.8,0
c3,2024-10-14,108.3,0
t1,2024-10-14,103.8,1
t2,2024-10-14,106.8,1
t3,2024-10-14,108.8,1
c1,2024-10-21,104.2,0
c2,2024-10-21,107.2,0
c3,2024-10-21,109.7,0
t1,2024-10-21,105.2,1
t2,2024-10-21,108.2,1
t3,2024-10-21,110.2,1
c1,2024-10-28,106.6,0
c2,2024-10-28,109.6,0
c3,2024-10-28,112.1,0
t1,2024-10-28,107.6,1
t2,2024-10-28,110.6,1
t3,2024-10-28,112.6,1
c1,2024-11-04,105.2,0
c2,2024-11-04,108.2,0
c3,2024-11-04,110.7,0
t1,2024-11-04,106.2,1
t2,2024-11-04,109.2,1
t3,2024-11-04,111.2,1
c1,2024-11-11,109.1,0
c2,2024-11-11,112.1,0
c3,2024-11-11,114.6,0
t1,2024-11-11,110.1,1
t2,2024-11-11,113.1,1
t3,2024-11-11,115.1,1
c1,2024-11-18,106.4,0
c2,2024-11-18,109.4,0
c3,2024-11-18,111.9,0
t1,2024-11-18,107.4,1
t2,2024-11-18,110.4,1
t3,2024-11-18,112.4,1
c1,2024-11-25,109.4,0
c2,2024-11-25,112.4,0
c3,2024-11-25,114.9,0
t1,2024-11-25,110.4,1
t2,2024-11-25,113.4,1
t3,2024-11-25,115.4,1
c1,2024-12-02,110.7,0
c2,2024-12-02,113.7,0
c3,2024-12-02,116.2,0
t1,2024-12-02,111.7,1
t2,2024-12-02,114.7,1
t3,2024-12-02,116.7,1
c1,2024-12-09,110.0,0
c2,2024-12-09,113.0,0
c3,2024-12-09,115.5,0
t1,2024-12-09,111.0,1
t2,2024-12-09,114.0,1
t3,2024-12-09,116.0,1
c1,2024-12-16,111.4,0
c2,2024-12-16,114.4,0
c3,2024-12-16,116.9,0
t1,2024-12-16,112.4,1
t2,2024-12-16,115.4,1
t3,2024-12-16,117.4,1
c1,2024-12-23,113.8,0
c2,2024-12-23,116.8,0
c3,2024-12-23,119.3,0
t1,2024-12-23,114.8,1
t2,2024-12-23,117.8,1
t3,2024-12-23,119.8,1
c1,2024-12-30,112.4,0
c2,2024-12-30,115.4,0
c3,2024-12-30,117.9,0
t1,2024-12-30,113.4,1
t2,2024-12-30,116.4,1
t3,2024-12-30,118.4,1
c1,2025-01-06,116.3,0
c2,2025-01-06,119.3,0
c3,2025-01-06,121.8,0
t1,2025-01-06,117.3,1
t2,2025-01-06,120.3,1
t3,2025-01-06,122.3,1
c1,2025-01-13,113.6,0
c2,2025-01-13,116.6,0
c3,2025-01-13,119.1,0
t1,2025-01-13,114.6,1
t2,2025-01-13,117.6,1
t3,2025-01-13,119.6,1
c1,2025-01-20,116.6,0
c2,2025-01-20,119.6,0
c3,2025-01-20,122.1,0
t1,2025-01-20,117.6,1
t2,2025-01-20,120.6,1
t3,2025-01-20,122.6,1
c1,2025-01-27,117.9,0
c2,2025-01-27,120.9,0
c3,2025-01-27,123.4,0
t1,2025-01-27,118.9,1
t2,2025-01-27,121.9,1
t3,2025-01-27,123.9,1
c1,2025-02-03,117.2,0
c2,2025-02-03,120.2,0
c3,2025-02-03,122.7,0
t1,2025-02-03,118.2,1
t2,2025-02-03,121.2,1
t3,2025-02-03,123.2,1
c1,2025-02-10,118.6,0
c2,2025-02-10,121.6,0
c3,2025-02-10,124.1,0
t1,2025-02-10,119.6,1
t2,2025-02-10,122.6,1
t3,2025-02-10,124.6,1
c1,2025-02-17,121.0,0
c2,2025-02-17,124.0,0
c3,2025-02-17,126.5,0
t1,2025-02-17,122.0,1
t2,2025-02-17,125.0,1
t3,2025-02-17,127.0,1
c1,2025-02-24,119.6,0
c2,2025-02-24,122.6,0
c3,2025-02-24,125.1,0
t1,2025-02-24,120.6,1
t2,2025-02-24,123.6,1
t3,2025-02-24,125.6,1
c1,2025-03-03,123.5,0
c2,2025-03-03,126.5,0
c3,2025-03-03,129.0,0
t1,2025-03-03,133.5,1
t2,2025-03-03,136.5,1
t3,2025-03-03,138.5,1
c1,2025-03-10,120.8,0
c2,2025-03-10,123.8,0
c3,2025-03-10,126.3,0
t1,2025-03-10,131.4,1
t2,2025-03-10,134.4,1
t3,2025-03-10,136.4,1
c1,2025-03-17,123.8,0
c2,2025-03-17,126.8,0
c3,2025-03-17,129.3,0
t1,2025-03-17,135.0,1
t2,2025-03-17,138.0,1
t3,2025-03-17,140.0,1
c1,2025-03-24,125.1,0
c2,2025-03-24,128.1,0
c3,2025-03-24,130.6,0
t1,2025-03-24,136.9,1
t2,2025-03-24,139.9,1
t3,2025-03-24,141.9,1
c1,2025-03-31,124.4,0
c2,2025-03-31,127.4,0
c3,2025-03-31,129.9,0
t1,2025-03-31,136.8,1
t2,2025-03-31,139.8,1
t3,2025-03-31,141.8,1
c1,2025-04-07,125.8,0
c2,2025-04-07,128.8,0
c3,2025-04-07,131.3,0
t1,2025-04-07,138.8,1
t2,2025-04-07,141.8,1
t3,2025-04-07,143.8,1
c1,2025-04-14,128.2,0
c2,2025-04-14,131.2,0
c3,2025-04-14,133.7,0
t1,2025-04-14,141.8,1
t2,2025-04-14,144.8,1
t3,2025-04-14,146.8,1
c1,2025-04-21,126.8,0
c2,2025-04-21,129.8,0
c3,2025-04-21,132.3,0
t1,2025-04-21,141.0,1
t2,2025-04-21,144.0,1
t3,2025-04-21,146.0,1
c1,2025-04-28,130.7,0
c2,2025-04-28,133.7,0
c3,2025-04-28,136.2,0
t1,2025-04-28,145.5,1
t2,2025-04-28,148.5,1
t3,2025-04-28,150.5,1
c1,2025-05-05,128.0,0
c2,2025-05-05,131.0,0
c3,2025-05-05,133.5,0
t1,2025-05-05,143.4,1
t2,2025-05-05,146.4,1
t3,2025-05-05,148.4,1
c1,2025-05-12,131.0,0
c2,2025-05-12,134.0,0
c3,2025-05-12,136.5,0
t1,2025-05-12,147.0,1
t2,2025-05-12,150.0,1
t3,2025-05-12,152.0,1
c1,2025-05-19,132.3,0
c2,2025-05-19,135.3,0
c3,2025-05-19,137.8,0
t1,2025-05-19,148.9,1
t2,2025-05-19,151.9,1
t3,2025-05-19,153.9,1
c1,2025-05-26,131.6,0
c2,2025-05-26,134.6,0
c3,2025-05-26,137.1,0
t1,2025-05-26,148.8,1
t2,2025-05-26,151.8,1
t3,2025-05-26,153.8,1

